hainguyen,Hainguyen123!,nguyen dinh hai,0984872656,hainguyen031@gmail.com,152256685485,856845824586
olala0560,Olala123!,olala@gmail.com,0912458652,vuong lam,236655448856,548668548526
olala0560,Olala123!,olala123@gmail.com,0984872656,dinh hai,588659541256,278865532156
nguyenhai,Nguyenhai123!,dinh hai,0125321412,nguyenhai123@gmail.com,542235123625,453326159852
nguyenhai,Nguyenhai123!,nguyenhai123@gmail.com,0125324561,dinh hai,235624525645,233631478998
hainguyen,Hainguyen123!,hainguyen031@gmail.com,0984872656,nguyen dinh hai,152256685485,856845824586
olala0560,Olala123!,vuong lam,0912458652,olala@gmail.com,236655448856,548668548526
olala0560,Olala123!,dinh hai,0984872656,olala123@gmail.com,588659541256,278865532156
nguyenhai,Nguyenhai123!,nguyenhai123@gmail.com,0125321412,dinh hai,542235123625,453326159852
nguyenhai,Nguyenhai123!,dinh hai,0125324561,nguyenhai123@gmail.com,235624525645,233631478998
vuonglam,Vuonglam123!,quan vu,0985487562,deche@gmail.com,235665482654,356114258956
hainguyen,Hainguyen123!,hainguyen031@gmail.com,0984872656,nguyen dinh hai,152256685485,856845824586
olala0560,Olala123!,vuong lam,0912458652,olala@gmail.com,236655448856,548668548526
olala0560,Olala123!,dinh hai,0984872656,olala123@gmail.com,588659541256,278865532156
nguyenhai,Nguyenhai123!,nguyenhai123@gmail.com,0125321412,dinh hai,542235123625,453326159852
nguyenhai,Nguyenhai123!,dinh hai,0125324561,nguyenhai123@gmail.com,235624525645,233631478998
vuonglam,Vuonglam123!,quan vu,0985487562,deche@gmail.com,235665482654,356114258956
hainguyen,Hainguyen123!,hainguyen031@gmail.com,0984872656,nguyen dinh hai,152256685485,856845824586
olala0560,Olala123!,vuong lam,0912458652,olala@gmail.com,236655448856,548668548526
olala0560,Olala123!,dinh hai,0984872656,olala123@gmail.com,588659541256,278865532156
nguyenhai,Nguyenhai123!,nguyenhai123@gmail.com,0125321412,dinh hai,542235123625,453326159852
nguyenhai,Nguyenhai123!,dinh hai,0125324561,nguyenhai123@gmail.com,235624525645,233631478998
vuonglam,Vuonglam123!,quan vu,0985487562,deche@gmail.com,235665482654,356114258956
hainguyen,Hainguyen123!,hainguyen031@gmail.com,0984872656,nguyen dinh hai,152256685485,856845824586
olala0560,Olala123!,vuong lam,0912458652,olala@gmail.com,236655448856,548668548526
olala0560,Olala123!,dinh hai,0984872656,olala123@gmail.com,588659541256,278865532156
nguyenhai,Nguyenhai123!,nguyenhai123@gmail.com,0125321412,dinh hai,542235123625,453326159852
nguyenhai,Nguyenhai123!,dinh hai,0125324561,nguyenhai123@gmail.com,235624525645,233631478998
vuonglam,Vuonglam123!,quan vu,0985487562,deche@gmail.com,235665482654,356114258956
hainguyen,Hainguyen123!,hainguyen031@gmail.com,0984872656,nguyen dinh hai,152256685485,856845824586
olala0560,Olala123!,vuong lam,0912458652,olala@gmail.com,236655448856,548668548526
olala0560,Olala123!,dinh hai,0984872656,olala123@gmail.com,588659541256,278865532156
nguyenhai,Nguyenhai123!,nguyenhai123@gmail.com,0125321412,dinh hai,542235123625,453326159852
nguyenhai,Nguyenhai123!,dinh hai,0125324561,nguyenhai123@gmail.com,235624525645,233631478998
vuonglam,Vuonglam123!,quan vu,0985487562,deche@gmail.com,235665482654,356114258956
hainguyen,Hainguyen123!,hainguyen031@gmail.com,0984872656,nguyen dinh hai,152256685485,856845824586
olala0560,Olala123!,vuong lam,0912458652,olala@gmail.com,236655448856,548668548526
olala0560,Olala123!,dinh hai,0984872656,olala123@gmail.com,588659541256,278865532156
nguyenhai,Nguyenhai123!,nguyenhai123@gmail.com,0125321412,dinh hai,542235123625,453326159852
nguyenhai,Nguyenhai123!,dinh hai,0125324561,nguyenhai123@gmail.com,235624525645,233631478998
hainguyen,Hainguyen123!,nguyen dinh hai,0984872656,hainguyen031@gmail.com,152256685485,856845824586
olala0560,Olala123!,olala@gmail.com,0912458652,vuong lam,236655448856,548668548526
olala0560,Olala123!,olala123@gmail.com,0984872656,dinh hai,588659541256,278865532156
nguyenhai,Nguyenhai123!,dinh hai,0125321412,nguyenhai123@gmail.com,542235123625,453326159852
nguyenhai,Nguyenhai123!,nguyenhai123@gmail.com,0125324561,dinh hai,235624525645,233631478998
vuonglam,Vuonglam123!,deche@gmail.com,0985487562,quan vu,235665482654,356114258956
hainguyen,Hainguyen123!,nguyen dinh hai,0984872656,hainguyen031@gmail.com,152256685485,856845824586
olala0560,Olala123!,olala@gmail.com,0912458652,vuong lam,236655448856,548668548526
olala0560,Olala123!,olala123@gmail.com,0984872656,dinh hai,588659541256,278865532156
nguyenhai,Nguyenhai123!,dinh hai,0125321412,nguyenhai123@gmail.com,542235123625,453326159852
nguyenhai,Nguyenhai123!,nguyenhai123@gmail.com,0125324561,dinh hai,235624525645,233631478998
vuonglam,Vuonglam123!,deche@gmail.com,0985487562,quan vu,235665482654,356114258956
hainguyen,Hainguyen123!,nguyen dinh hai,0984872656,hainguyen031@gmail.com,152256685485,856845824586
olala0560,Olala123!,olala@gmail.com,0912458652,vuong lam,236655448856,548668548526
olala0560,Olala123!,olala123@gmail.com,0984872656,dinh hai,588659541256,278865532156
nguyenhai,Nguyenhai123!,dinh hai,0125321412,nguyenhai123@gmail.com,542235123625,453326159852
nguyenhai,Nguyenhai123!,nguyenhai123@gmail.com,0125324561,dinh hai,235624525645,233631478998
vuonglam,Vuonglam123!,deche@gmail.com,0985487562,quan vu,235665482654,356114258956
hainguyen,Hainguyen123!,nguyen dinh hai,0984872656,hainguyen031@gmail.com,152256685485,856845824586
olala0560,Olala123!,olala@gmail.com,0912458652,vuong lam,236655448856,548668548526
olala0560,Olala123!,olala123@gmail.com,0984872656,dinh hai,588659541256,278865532156
nguyenhai,Nguyenhai123!,dinh hai,0125321412,nguyenhai123@gmail.com,542235123625,453326159852
nguyenhai,Nguyenhai123!,nguyenhai123@gmail.com,0125324561,dinh hai,235624525645,233631478998
vuonglam,Vuonglam123!,deche@gmail.com,0985487562,quan vu,235665482654,356114258956
hainguyen,Hainguyen123!,nguyen dinh hai,0984872656,hainguyen031@gmail.com,152256685485,856845824586
olala0560,Olala123!,olala@gmail.com,0912458652,vuong lam,236655448856,548668548526
olala0560,Olala123!,olala123@gmail.com,0984872656,dinh hai,588659541256,278865532156
nguyenhai,Nguyenhai123!,dinh hai,0125321412,nguyenhai123@gmail.com,542235123625,453326159852
nguyenhai,Nguyenhai123!,nguyenhai123@gmail.com,0125324561,dinh hai,235624525645,233631478998
vuonglam,Vuonglam123!,deche@gmail.com,0985487562,quan vu,235665482654,356114258956
